STRIKE_PRC,1,30,65,93,121,156,184,219,247,275,310,338,611,975
4000,,,,,,,,,0.98,,,,,
4200,,,,,,,,,0.9794,,,,,
4400,,,,,,,,,0.9788,,,,,
4600,,,,,,,,,0.9782,,,,,
4800,,,,,,,,,0.9776,,,,,
5000,,,,,,,,,0.9769,,,,,
5100,,,,,,,,,0.9764,,,,,
5200,,,,,,,,,0.9761,,,,,
5300,,,,,,,,,0.9758,,,,,
5400,,,,,,,,,0.9754,,,,,
5500,,,,,,,,,0.9751,,,,,
5600,,,,,,,,,0.9748,,,,,
5700,,,,,,,,,0.9743,,,,,
5800,,,,,,,,,0.9739,,,,,
5900,,,,,,,,,0.9734,,,,,
6000,,,,,,,,,0.9731,,,,,
6100,,,,,,,,,0.9727,,,,,
6200,,,,,,,,,0.9723,,,,,
6300,,,,,,,,,0.9718,,,,,
6400,,,,,,,,,0.9713,,,,,
6500,,,,,,,,,0.9709,,,,,
6600,,,,,,,,,0.9705,,,,,
6700,,,,,,,,,0.9695,,,,,
6800,,,,,,,,,0.969,,,,,
6900,,,,,,,,,0.9686,,,,,
7000,,,,,,,,,0.9681,,,,,
7200,,,,,,,,,0.9671,,,,,
7400,,,,,,,,,0.9659,,,,,
7600,,,,,,,,,0.9648,,,,,
7800,,,,,,,,,0.9637,,,,,
8000,,,,,,,,,0.9624,,,,,
8100,,,,,,,,,0.9617,,,,,
8200,,,,,,,,,0.961,,,,,
8300,,,,,,,,,0.9604,,,,,
8400,,,,,,,,,0.9597,,,,,
8500,,,,,,,,,0.9589,,,,,
8600,,,,,,,,,0.9577,,,,,
8700,,,,,,,,,0.9575,,,,,
8800,,,,,,,,,0.9568,,,,,
8900,,,,,,,,,0.9557,,,,,
9000,,,,,,,,,0.955,,,,,
9100,,,,,,,,,0.9543,,,,,
9200,,,,,,,,,0.9535,,,,,
9300,,,,,,,,,0.9526,,,,,
9400,,,,,,,,,0.9519,,,,,
9500,,,,,,,,,0.9509,,,,,
9600,,,,,,,,,0.9501,,,,,
9700,,,,,,,,,0.949,,,,,
9800,,,,,,,,,0.9481,,,,,
9900,,,,,,,,,0.9471,,,,,
10000,,,0.9844,,,,0.9557,,0.9462,,,,,
10100,,,,,,,,,0.9452,,,,,
10200,,,0.9835,,,,,,0.9436,,,,,
10300,,,,,,,,,0.9425,,,,,
10400,,,0.9824,,,,,,0.9419,,,,,
10500,,,,,,,0.9507,,0.9407,,,,,
10600,,,0.9816,,,,,,0.9396,,,,,
10700,,,,,,,,,0.9383,,,,,
10800,,,0.9805,,,,,,0.9371,,,,,
10900,,,,,,,,,0.9359,,,,,
11000,,,0.9785,,,,0.9455,,0.9346,,,,,
11100,,,,,,,,,0.9331,,,,,
11200,,,0.9778,,,,,,0.9317,,,,,
11300,,,,,,,,,0.9303,,,,,
11400,,,0.9762,,,,,,0.9288,,,,,
11500,,,,,,,0.9391,,0.9273,,,,,
11600,,,0.9743,,,,,,0.9252,,,,,
11700,,,,,,,,,0.924,,,,,
11800,,,0.9727,,,,,,0.9221,,,,,
11900,,,,,,,,,0.9205,,,,,
12000,,,0.9709,0.9577,,0.94,0.9313,,0.9189,,,,0.8742,0.8472
12100,,,,,,,,,0.9168,,,,0.872,
12200,,,0.9699,,,,,,0.9149,,,,0.8699,0.8429
12300,,,,,,,,,0.913,,,,0.8677,
12400,,,0.9678,,,,,,0.9112,,,0.8955,0.8653,0.8385
12500,0.9974,0.983,,0.9515,,0.9316,0.9227,,0.909,,,,0.8631,
12600,0.9978,0.9832,0.9654,,,,,,0.907,,,0.8911,0.8607,0.8339
12700,0.9992,0.9812,,,,,,,0.9051,,,,0.8584,
12800,0.9971,0.9808,0.9632,,,,,,0.903,,,0.8865,0.856,0.8293
12900,0.9983,0.9812,,,,,,,0.9007,,,,0.8533,
13000,0.9991,0.9789,0.9598,0.9437,,0.9218,0.9125,,0.8983,,,0.8816,0.8507,0.8244
13100,0.9961,0.9791,,,,,,,0.8959,,,,0.8482,
13200,0.9967,0.9773,0.9576,,,,,,0.8931,,,0.8765,0.8454,0.8195
13300,0.9966,0.9767,,,,,,,0.8906,,,,0.8428,
13400,0.9963,0.976,0.9545,,,,,,0.8882,,,0.8711,0.8399,0.8144
13500,0.9991,0.9743,,0.9333,,0.9102,0.9005,,0.8851,,,,0.8371,
13600,0.999,0.9733,0.951,,,,,,0.8826,,,0.8655,0.8342,0.8091
13700,0.9959,0.9736,,,,,,,0.8797,,,,0.8311,
13800,0.9989,0.9722,0.9471,,,,,,0.8764,,,0.8596,0.8282,0.8038
13900,0.9947,0.9693,,,,,,,0.8729,,,,0.8251,
14000,0.9959,0.9686,0.9427,0.922,0.9084,0.8964,0.8864,0.8766,0.87,0.863,0.8571,0.8533,0.8221,0.7985
14100,0.9987,0.9674,0.9404,,,,,,0.8668,,,,0.8189,
14200,0.9986,0.9666,0.9375,,0.9025,,,0.8697,0.8634,0.8564,0.8505,0.8468,0.8156,0.7927
14300,0.9986,0.9649,0.9357,,,,,,0.8601,,,,0.8123,
14400,0.9984,0.9632,0.9331,,0.8962,,,0.8629,0.8568,0.8496,0.8436,0.8397,0.809,0.787
14500,0.9984,0.961,0.9304,0.9072,,0.8798,0.8692,,0.8527,,,,0.8056,
14600,0.9949,0.9573,0.9275,,0.8895,,,0.8555,0.8489,0.8422,0.8362,0.8325,0.8021,0.781
14700,0.9982,0.9569,0.9243,,,,,,0.8454,,,,0.7987,
14800,0.9981,0.9536,0.9201,,0.8818,,,0.8476,0.8411,0.8345,0.8285,0.8247,0.7952,0.7749
14900,0.998,0.9514,0.9176,,,,,,0.837,,,,0.7917,
15000,0.9979,0.9495,0.9141,0.8898,0.8738,0.8601,0.8495,0.8393,0.8333,0.8262,0.8203,0.8166,0.7879,0.7687
15025,0.9985,,,,,,,,,,,,,
15050,0.9978,,,,,,,,,,,,,
15075,0.9945,,,,,,,,,,,,,
15100,0.9912,0.9467,0.9102,0.8856,,0.8557,,,,,,0.8124,0.7843,
15125,0.9942,,,,,,,,,,,,,
15150,0.9943,,,,,,,,,,,,,
15175,0.9977,,,,,,,,,,,,,
15200,0.9942,0.944,0.9063,0.8807,0.865,0.8512,,0.8304,0.8243,0.8176,0.8118,0.8081,0.7805,0.7622
15225,0.9941,,,,,,,,,,,,,
15250,0.9976,,,,,,,,,,,,,
15275,0.9976,,,,,,,,,,,,,
15300,0.9975,0.9409,0.9021,0.8768,,0.8466,,,,,,0.8037,0.7767,
15325,0.9975,,,,,,,,,,,,,
15350,0.9975,,,,,,,,,,,,,
15375,0.9974,,,,,,,,,,,,,
15400,0.997,0.9377,0.8977,0.8721,0.8555,0.8419,,0.8214,0.815,0.8084,0.8028,0.7993,0.7728,0.7556
15425,0.9992,,,,,,,,,,,,,
15450,0.9974,,,,,,,,,,,,,
15475,0.9992,,,,,,,,,,,,,
15500,0.9935,0.9343,0.8933,0.8672,0.8506,0.8368,0.8266,,0.8099,,,0.7947,0.7688,
15525,0.9944,,,,,,,,,,,,,
15550,0.9972,,,,,,,,,,,,,
15575,0.9928,,,,,,,,,,,,,
15600,0.9996,0.9302,0.8885,0.8621,0.8455,0.8317,,0.8111,0.8049,0.7989,0.7935,0.79,0.7647,0.7489
15625,0.9942,,,,,,,,,,,,,
15650,0.9926,,,,,,,,,,,,,
15675,0.9925,,,,,,,,,,,,,
15700,0.9922,0.9262,0.8835,0.8569,,0.8263,,,0.8002,,,0.7853,0.7607,
15725,0.9991,,,,,,,,,,,,,
15750,0.991,,,,,,,,,,,,,
15775,0.999,,,,,,,,,,,,,
15800,0.9847,0.9216,0.8781,0.8513,0.8346,0.8208,,0.8006,0.795,0.7888,0.7837,0.7805,0.7564,0.7421
15825,0.999,,,,,,,,,,,,,
15850,0.983,,,,,,,,,,,,,
15875,0.999,,,,,,,,,,,,,
15900,0.9913,0.9174,0.8724,0.8454,,0.8151,,,0.7897,,,0.7755,0.7522,
15925,0.9989,,,,,,,,,,,,,
15950,0.9967,,,,,,,,,,,,,
15975,0.9989,,,,,,,,,,,,,
16000,0.9936,0.9124,0.8665,0.8395,0.8229,0.8091,0.7994,0.7896,0.7842,0.7785,0.7736,0.7705,0.7479,0.7351
16025,0.9988,,0.8651,,,,,,,,,,,
16050,0.9964,,0.8635,,,,,,,,,,,
16075,0.9963,,0.862,,,,,,,,,,,
16100,0.989,0.9068,0.8603,0.8336,0.8168,0.803,,,0.7784,0.7731,,0.7653,0.7435,
16125,0.9987,,0.8588,,,,,,,,,,,
16150,0.9883,,0.8571,,,,,,,,,,,
16175,0.9988,,0.8555,,,,,,,,,,,
16200,0.99,0.9012,0.8538,0.8271,0.8103,0.7968,,0.7783,0.7729,0.7676,0.7629,0.76,0.7391,0.728
16225,0.9986,,0.8521,,,,,,,,,,,
16250,0.9898,,0.8505,,,,,,,,,,,
16275,0.9987,,0.8488,,,,,,,,,,,
16300,0.9819,0.895,0.8471,0.8196,0.8038,0.7904,,,0.767,0.762,,0.7546,0.7347,
16325,0.992,0.8937,0.8451,,,,,,,,,,,
16350,0.979,0.8923,0.8434,,,,,,,,,,,
16375,0.987,0.8904,0.8416,,,,,,,,,,,
16400,0.9863,0.8893,0.84,0.8126,0.7969,0.7839,,0.766,0.7612,0.7562,0.7517,0.749,0.7301,0.7209
16410,0.9949,,,,,,,,,,,,,
16420,0.9981,,,,,,,,,,,,,
16425,0.9984,0.8871,0.8382,,,,,,,,,,,
16430,0.9984,,,,,,,,,,,,,
16440,0.9989,,,,,,,,,,,,,
16450,0.9937,0.8852,0.8363,,,,,,,,,,,
16460,0.9991,,,,,,,,,,,,,
16470,0.9984,,,,,,,,,,,,,
16475,0.9984,0.8828,0.8344,,,,,,,,,,,
16480,0.998,,,,,,,,,,,,,
16490,0.9978,,,,,,,,,,,,,
16500,0.9977,0.8818,0.8325,0.805,0.7898,0.7771,0.7684,,0.7551,0.7502,,0.7433,0.7255,
16510,0.9977,,,,,,,,,,,,,
16520,0.9945,,,,,,,,,,,,,
16525,0.9983,0.8802,0.8307,,,,,,,,,,,
16530,0.9913,,,,,,,,,,,,,
16540,0.9963,,,,,,,,,,,,,
16550,0.9977,0.8782,0.8287,,,,,,,,,,,
16560,0.9977,,,,,,,,,,,,,
16570,0.9902,,,,,,,,,,,,,
16575,0.9981,0.8765,0.8264,,,,,,,,,,,
16580,0.9975,,,,,,,,,,,,,
16590,0.9975,,,,,,,,,,,,,
16600,0.9973,0.8746,0.8245,0.7978,0.7824,0.7701,,0.7535,0.7488,0.7442,0.7401,0.7376,0.7208,0.7136
16610,0.9973,,,,,,,,,,,,,
16620,0.9973,,,,,,,,,,,,,
16625,0.9982,0.8725,0.8227,,,,,,,,,,,
16630,0.9975,,,,,,,,,,,,,
16640,0.9975,,,,,,,,,,,,,
16650,0.9972,0.8704,0.8206,,,,,,,,,,,
16660,0.988,,,,,,,,,,,,,
16670,0.9972,,,,,,,,,,,,,
16675,0.9953,0.8687,0.8186,,,,,,,,,,,
16680,0.9972,,,,,,,,,,,,,
16690,0.9972,,,,,,,,,,,,,
16700,0.9937,0.8665,0.8165,0.7896,0.7747,0.763,,,0.7424,0.738,,0.7317,0.7162,
16710,0.9972,,,,,,,,,,,,,
16720,0.9972,,,,,,,,,,,,,
16725,0.9875,0.8644,0.8144,,,,,,,,,,,
16730,0.9871,,,,,,,,,,,,,
16740,0.9968,,,,,,,,,,,,,
16750,0.9968,0.8621,0.8123,,,,,,,,,,,
16760,0.9879,,,,,,,,,,,,,
16770,0.9871,,,,,,,,,,,,,
16775,0.9977,0.8604,0.8102,,,,,,,,,,,
16780,0.9876,,,,,,,,,,,,,
16790,0.9965,,,,,,,,,,,,,
16800,0.9965,0.8581,0.808,0.7819,0.7671,0.7557,,0.74,0.7361,0.7317,0.728,0.7258,0.7115,0.706
16810,0.9861,,,,,,,,,,,,,
16820,0.9968,,,,,,,,,,,,,
16825,0.9872,0.8557,0.8049,,,,,,,,,,,
16830,0.9963,,,,,,,,,,,,,
16840,0.9963,,,,,,,,,,,,,
16850,0.9961,0.8539,0.8026,,,,,,,,,,,
16860,0.9961,,,,,,,,,,,,,
16870,0.9961,,,,,,,,,,,,,
16875,0.9975,0.8511,0.8006,,,,,,,,,,,
16880,0.9961,,,,,,,,,,,,,
16890,0.9959,,,,,,,,,,,,,
16900,0.9959,0.8487,0.7982,0.7739,0.759,0.7482,,,0.7292,0.7252,,0.7195,0.7067,
16910,0.9923,,,,,,,,,,,,,
16920,0.9866,,,,,,,,,,,,,
16925,0.9971,0.8464,0.7963,,,,,,,,,,,
16930,0.9959,,,,,,,,,,,,,
16940,0.9973,,,,,,,,,,,,,
16950,0.9973,0.8438,0.7935,,,,,,,,,,,
16960,0.9975,,,,,,,,,,,,,
16970,0.9973,,,,,,,,,,,,,
16975,0.9969,0.8414,0.7911,,,,,,,,,,,
16980,0.9975,,,,,,,,,,,,,
16990,0.9973,,,,,,,,,,,,,
17000,0.9952,0.8389,0.7878,0.765,0.7503,0.7404,0.7331,0.7263,0.7224,0.7186,0.7153,0.7134,0.7019,0.6984
17010,0.9911,,,,,,,,,,,,,
17020,0.991,,,,,,,,,,,,,
17025,0.9967,0.8367,0.7858,,,,,,,,,,,
17030,0.991,,,,,,,,,,,,,
17040,0.995,,,,,,,,,,,,,
17050,0.9907,0.8342,0.7841,,,,,,,,,,,
17060,0.9836,,,,,,,,,,,,,
17070,0.9948,,,,,,,,,,,,,
17075,0.9819,0.8317,0.7815,,,,,,,,,,,
17080,0.984,,,,,,,,,,,,,
17090,0.9946,,,,,,,,,,,,,
17100,0.9945,0.8292,0.7797,0.756,0.742,0.7323,0.7255,,0.7154,0.7118,,0.7071,0.697,
17110,0.9944,,,,,,,,,,,,,
17120,0.9833,,,,,,,,,,,,,
17125,0.9952,0.8269,0.7772,,,,,,,,,,,
17130,0.9943,,,,,,,,,,,,,
17140,0.9941,,,,,,,,,,,,,
17150,0.9893,0.8236,0.7749,,,,,,,,,,,
17160,0.9941,,,,,,,,,,,,,
17170,0.9811,,,,,,,,,,,,,
17175,0.9885,0.821,0.7724,,,,,,,,,,,
17180,0.9939,,,,,,,,,,,,,
17190,0.9939,,,,,,,,,,,,,
17200,0.9937,0.8186,0.7696,0.7468,0.7338,0.7241,0.7176,0.7117,0.7083,0.705,0.7023,0.7009,0.692,
17210,0.9936,,,,,,,,,,,,,
17220,0.9919,,,,,,,,,,,,,
17225,0.9938,0.8156,0.767,,,,,,,,,,,
17230,0.9934,,,,,,,,,,,,,
17240,0.9889,,,,,,,,,,,,,
17250,0.9935,0.8128,0.7643,,,,,,,,,,,
17260,0.9932,,,,,,,,,,,,,
17270,0.9815,,,,,,,,,,,,,
17275,0.9805,0.8099,0.7619,,,,,,,,,,,
17280,0.9935,,,,,,,,,,,,,
17290,0.9935,,,,,,,,,,,,,
17300,0.9932,0.806,0.7592,0.7374,0.7248,0.7157,0.7096,,0.7011,0.6981,,0.6944,0.6869,
17310,0.9809,,,,,,,,,,,,,
17320,0.9906,,,,,,,,,,,,,
17325,0.9807,0.8032,0.7563,,,,,,,,,,,
17330,0.9803,,,,,,,,,,,,,
17340,0.9922,,,,,,,,,,,,,
17350,0.9799,0.8003,0.7536,,,,,,,,,,,
17360,0.9798,,,,,,,,,,,,,
17370,0.9794,,,,,,,,,,,,,
17375,0.9927,0.796,0.7509,,,,,,,,,,,
17380,0.9793,,,,,,,,,,,,,
17390,0.9919,,,,,,,,,,,,,
17400,0.9907,0.7933,0.7483,0.7274,0.7154,0.707,0.7015,0.6965,0.6938,0.6911,0.6891,0.6879,0.6818,
17410,0.9911,,,,,,,,,,,,,
17420,0.9899,,,,,,,,,,,,,
17425,0.9885,0.7907,0.7455,,,,,,,,,,,
17430,0.9767,,,,,,,,,,,,,
17440,0.9907,,,,,,,,,,,,,
17450,0.9905,0.787,0.7425,,,,,,,,,,,
17460,0.9903,,,,,,,,,,,,,
17470,0.9901,,,,,,,,,,,,,
17475,0.9891,0.7843,0.7397,,,,,,,,,,,
17480,0.9867,,,,,,,,,,,,,
17490,0.9896,,,,,,,,,,,,,
17500,0.9888,0.7808,0.7368,0.7171,0.7059,0.6982,0.6931,,0.6863,0.684,,0.6813,0.6766,0.6785
17510,0.9891,,,,,,,,,,,,,
17520,0.9889,,,,,,,,,,,,,
17525,0.9881,0.7773,0.7339,,,,,,,,,,,
17530,0.9886,,,,,,,,,,,,,
17540,0.9886,,,,,,,,,,,,,
17550,0.9883,0.7752,0.7309,,,,,,,,,,,
17560,0.965,,,,,,,,,,,,,
17570,0.9742,,,,,,,,,,,,,
17575,0.9732,0.7717,0.7279,,,,,,,,,,,
17580,0.9644,,,,,,,,,,,,,
17590,0.9822,,,,,,,,,,,,,
17600,0.9845,0.7682,0.7251,0.7064,0.6961,0.6892,0.6847,0.6808,0.6788,0.6768,0.6753,0.6746,0.6713,
17610,0.9802,,,,,,,,,,,,,
17620,0.9715,,,,,,,,,,,,,
17625,0.9712,0.7646,0.7219,,,,,,,,,,,
17630,0.9803,,,,,,,,,,,,,
17640,0.9789,,,,,,,,,,,,,
17650,0.9606,0.7609,0.719,,,,,,,,,,,
17660,0.96,,,,,,,,,,,,,
17670,0.9775,,,,,,,,,,,,,
17675,0.9779,0.7573,0.7157,,,,,,,,,,,
17680,0.9684,,,,,,,,,,,,,
17690,0.9585,,,,,,,,,,,,,
17700,0.9676,0.7536,0.7126,0.6954,0.6861,0.68,0.676,,0.6711,0.6694,,0.6677,0.666,
17710,0.9755,,,,,,,,,,,,,
17720,0.9664,,,,,,,,,,,,,
17725,0.9746,0.7498,0.7094,,,,,,,,,,,
17730,0.9658,,,,,,,,,,,,,
17740,0.9651,,,,,,,,,,,,,
17750,0.9758,0.7461,0.7063,,,,,,,,,,,
17760,0.9552,,,,,,,,,,,,,
17770,0.964,,,,,,,,,,,,,
17775,0.9628,0.7422,0.7031,,,,,,,,,,,
17780,0.9635,,,,,,,,,,,,,
17790,0.9702,,,,,,,,,,,,,
17800,0.9516,0.7383,0.6999,0.6841,0.6758,0.6706,0.6673,0.6645,0.6632,0.6619,0.6611,0.6608,0.6607,
17810,0.9604,,,,,,,,,,,,,
17820,0.95,,,,,,,,,,,,,
17825,0.9581,0.7344,0.6964,,,,,,,,,,,
17830,0.9492,,,,,,,,,,,,,
17840,0.9484,,,,,,,,,,,,,
17850,0.9474,0.7303,0.6933,,,,,,,,,,,
17860,0.9347,,,,,,,,,,,,,
17870,0.9319,,,,,,,,,,,,,
17875,0.9293,0.7264,0.6899,,,,,,,,,,,
17880,0.931,,,,,,,,,,,,,
17890,0.9301,,,,,,,,,,,,,
17900,0.9284,0.7222,0.6865,0.6725,0.6654,0.6611,0.6583,,0.6552,0.6542,,0.6537,0.6552,
17910,0.9259,,,,,,,,,,,,,
17920,0.9772,,,,,,,,,,,,,
17925,0.9602,0.7181,0.6832,,,,,,,,,,,
17930,0.9724,,,,,,,,,,,,,
17940,0.9322,,,,,,,,,,,,,
17950,0.9145,0.7138,0.6798,,,,,,,,,,,
17960,0.909,,,,,,,,,,,,,
17970,0.947,,,,,,,,,,,,,
17975,0.9148,0.7095,0.6763,,,,,,,,,,,
17980,0.9155,,,,,,,,,,,,,
17990,0.9251,,,,,,,,,,,,,
18000,0.9333,0.7051,0.6728,0.6607,0.6547,0.6513,0.6491,0.6475,0.647,0.6464,0.6463,0.6465,0.6497,0.6577
18010,0.9452,,,,,,,,,,,,,
18020,0.9259,,,,,,,,,,,,,
18025,0.9289,0.7008,0.6693,,,,,,,,,,,
18030,0.9454,,,,,,,,,,,,,
18040,0.9447,,,,,,,,,,,,,
18050,0.9414,0.6963,0.6658,,,,,,,,,,,
18060,0.9414,,,,,,,,,,,,,
18070,0.9384,,,,,,,,,,,,,
18075,0.9374,0.6918,0.6622,,,,,,,,,,,
18080,0.9356,,,,,,,,,,,,,
18090,0.9329,,,,,,,,,,,,,
18100,0.9333,0.6872,0.6588,0.6486,0.6437,0.6412,0.6397,0.6388,0.6386,0.6384,0.6387,0.6391,0.6442,
18110,0.9302,,,,,,,,,,,,,
18120,0.9306,,,,,,,,,,,,,
18125,0.9267,0.6826,0.6551,,,,,,,,,,,
18130,0.9279,,,,,,,,,,,,,
18140,0.9239,,,,,,,,,,,,,
18150,0.9234,0.6779,0.6516,,,,,,,,,,,
18160,0.9219,,,,,,,,,,,,,
18170,0.9171,,,,,,,,,,,,,
18175,0.9162,0.6731,0.6479,,,,,,,,,,,
18180,0.9142,,,,,,,,,,,,,
18190,0.9125,,,,,,,,,,,,,
18200,0.9097,0.6683,0.6443,0.636,0.6324,0.6309,0.6301,0.6298,0.6301,0.6303,0.631,0.6317,0.6386,0.6492
18210,0.9059,,,,,,,,,,,,,
18220,0.906,,,,,,,,,,,,,
18225,0.9006,0.6635,0.6406,,,,,,,,,,,
18230,0.9011,,,,,,,,,,,,,
18240,0.8974,,,,,,,,,,,,,
18250,0.8936,0.6586,0.6369,,,,,,,,,,,
18260,0.8845,,,,,,,,,,,,,
18270,0.8904,,,,,,,,,,,,,
18275,0.8881,0.6537,0.6331,,,,,,,,,,,
18280,0.8781,,,,,,,,,,,,,
18290,0.8832,,,,,,,,,,,,,
18300,0.8789,0.6487,0.6294,0.6231,0.6207,0.6204,0.6203,0.6208,0.6215,0.6221,0.6232,0.6242,0.633,
18310,0.876,,,,,,,,,,,,,
18320,0.8625,,,,,,,,,,,,,
18325,0.8695,0.6437,0.6254,,,,,,,,,,,
18330,0.8684,,,,,,,,,,,,,
18340,0.8634,,,,,,,,,,,,,
18350,0.8593,0.6387,0.6216,,,,,,,,,,,
18360,0.8552,,,,,,,,,,,,,
18370,0.8505,,,,,,,,,,,,,
18375,0.8482,0.6336,0.6177,,,,,,,,,,,
18380,0.8459,,,,,,,,,,,,,
18390,0.8413,,,,,,,,,,,,,
18400,0.8364,0.6284,0.6138,0.6098,0.6088,0.6096,0.6103,0.6116,0.6127,0.6138,0.6153,0.6166,0.6273,0.6407
18410,0.8205,,,,,,,,,,,,,
18420,0.815,,,,,,,,,,,,,
18425,0.8111,0.6231,0.6098,,,,,,,,,,,
18430,0.8177,,,,,,,,,,,,,
18440,0.8125,,,,,,,,,,,,,
18450,0.7942,0.6178,0.6058,,,,,,,,,,,
18460,0.789,,,,,,,,,,,,,
18470,0.7988,,,,,,,,,,,,,
18475,0.7941,0.6123,0.6017,,,,,,,,,,,
18480,0.7926,,,,,,,,,,,,,
18490,0.7879,,,,,,,,,,,,,
18500,0.7817,0.6069,0.5977,0.5961,0.5967,0.5987,0.6002,0.6022,0.6039,0.6054,0.6074,0.6089,0.6216,0.6363
18510,0.7744,,,,,,,,,,,,,
18520,0.7689,,,,,,,,,,,,,
18525,0.7657,0.6013,0.5936,,,,,,,,,,,
18530,0.7624,,,,,,,,,,,,,
18540,0.7554,,,,,,,,,,,,,
18550,0.7491,0.5957,0.5895,,,,,,,,,,,
18560,0.7424,,,,,,,,,,,,,
18570,0.7358,,,,,,,,,,,,,
18575,0.732,0.5901,0.5854,,,,,,,,,,,
18580,0.7287,,,,,,,,,,,,,
18590,0.7288,,,,,,,,,,,,,
18600,0.7216,0.5843,0.5812,0.5822,0.5843,0.5876,0.5899,0.5927,0.5949,0.5969,0.5993,0.6012,0.6158,0.632
18610,0.7068,,,,,,,,,,,,,
18620,0.6996,,,,,,,,,,,,,
18625,0.6956,0.5786,0.577,,,,,,,,,,,
18630,0.6917,,,,,,,,,,,,,
18640,0.6836,,,,,,,,,,,,,
18650,0.6756,0.5727,0.5728,,,,,,,,,,,
18660,0.6674,,,,,,,,,,,,,
18670,0.659,,,,,,,,,,,,,
18675,0.6548,0.5668,0.5685,,,,,,,,,,,
18680,0.6502,,,,,,,,,,,,,
18690,0.6414,,,,,,,,,,,,,
18700,0.6331,0.5609,0.5643,0.568,0.5718,0.5763,0.5795,0.5832,0.5859,0.5883,0.5912,0.5934,0.6101,
18725,0.6106,0.5549,0.56,,,,,,,,,,,
18750,0.5874,0.5489,0.5557,,,,,,,,,,,
18775,0.5635,0.5428,0.5514,,,,,,,,,,,
18800,0.5388,0.5367,0.547,0.5535,0.559,0.565,0.569,0.5735,0.5767,0.5796,0.583,0.5855,0.6043,0.6232
18825,0.5137,0.5305,0.5427,,,,,,,,,,,
18850,0.4884,0.5243,0.5383,,,,,,,,,,,
18875,0.4622,0.5181,0.5339,,,,,,,,,,,
18900,0.4357,0.5117,0.5294,0.5388,0.5461,0.5535,0.5584,0.5638,0.5675,0.5709,0.5748,0.5776,0.5984,
18925,0.4089,0.5053,0.5249,,,,,,,,,,,
18950,0.3826,0.4988,0.5204,,,,,,,,,,,
18975,0.3559,0.4922,0.5158,,,,,,,,,,,
19000,0.3292,0.4856,0.5112,0.5238,0.5329,0.5417,0.5475,0.5538,0.5581,0.562,0.5664,0.5695,0.5925,0.6144
19025,0.3033,0.479,0.5066,,,,,,,,,,,
19050,0.2784,0.4722,0.502,,,,,,,,,,,
19075,0.2539,0.4654,0.4973,,,,,,,,,,,
19100,0.2313,0.4586,0.4925,0.5083,0.5193,0.5296,0.5365,0.5437,0.5486,0.5529,0.5579,0.5614,0.5865,
19125,0.2088,0.4518,0.4878,,,,,,,,,,,
19150,0.1885,0.4449,0.483,,,,,,,,,,,
19175,0.1691,0.438,0.4782,,,,,,,,,,,
19200,0.1508,0.4311,0.4734,0.4925,0.5055,0.5174,0.5253,0.5334,0.5389,0.5437,0.5492,0.5531,0.5805,0.6054
19225,0.1344,0.4241,0.4686,,,,,,,,,,,
19250,0.1195,0.4172,0.4637,,,,,,,,,,,
19275,0.1054,0.4102,0.4589,,,,,,,,,,,
19300,0.0927,0.4032,0.454,0.4764,0.4914,0.5049,0.5138,0.523,0.529,0.5344,0.5405,0.5447,0.5744,
19325,0.0822,0.3961,0.4491,,,,,,,,,,,
19350,0.0722,0.389,0.4442,,,,,,,,,,,
19375,0.0632,0.3818,0.4393,,,,,,,,,,,
19400,0.0554,0.3746,0.4344,0.4601,0.4772,0.4923,0.5023,0.5124,0.5191,0.525,0.5316,0.5362,0.5683,0.5963
19425,0.0485,0.3674,0.4295,,,,,,,,,,,
19450,0.0431,0.3602,0.4246,,,,,,,,,,,
19475,0.0378,0.353,0.4196,,,,,,,,,,,
19500,0.0333,0.3457,0.4146,0.4437,0.4628,0.4796,0.4906,0.5018,0.509,0.5155,0.5227,0.5277,0.5621,0.5917
19525,0.0293,0.3385,0.4096,,,,,,,,,,,
19550,0.026,0.3313,0.4046,,,,,,,,,,,
19575,0.0232,0.3241,0.3995,,,,,,,,,,,
19600,0.0206,0.317,0.3944,0.4271,0.4483,0.4667,0.4788,0.491,0.4989,0.5059,0.5137,0.5191,0.5558,0.5871
19625,0.0185,0.3099,0.3893,,,,,,,,,,,
19650,0.0164,0.3029,0.3842,,,,,,,,,,,
19675,0.0146,0.2958,0.3791,,,,,,,,,,,
19700,0.0137,0.2887,0.3739,0.4103,0.4338,0.4538,0.467,0.4802,0.4887,0.4962,0.5047,0.5105,0.5496,
19725,0.012,0.2817,0.3688,,,,,,,,,,,
19750,0.0103,0.2746,0.3636,,,,,,,,,,,
19775,0.0098,0.2676,0.3585,,,,,,,,,,,
19800,0.0087,0.2606,0.3533,0.3932,0.419,0.4409,0.4551,0.4693,0.4784,0.4865,0.4955,0.5017,0.5432,0.5777
19825,0.0078,0.2537,0.3482,,,,,,,,,,,
19850,0.0072,0.2468,0.343,,,,,,,,,,,
19875,0.0065,0.24,0.3379,,,,,,,,,,,
19900,0.0062,0.2333,0.3328,0.3759,0.4039,0.4277,0.4432,0.4584,0.4682,0.4767,0.4863,0.493,0.5369,
19925,0.0055,0.2267,0.3277,,,,,,,,,,,
19950,0.0051,0.2202,0.3227,,,,,,,,,,,
19975,0.0047,0.2138,0.3176,,,,,,,,,,,
20000,0.0044,0.2075,0.3126,0.3585,0.3887,0.4143,0.431,0.4475,0.4579,0.467,0.4771,0.4841,0.5305,0.5683
20025,,0.2012,0.3075,,,,,,,,,,,
20050,,0.195,0.3024,,,,,,,,,,,
20075,,0.1889,0.2974,,,,,,,,,,,
20100,0.0034,0.1828,0.2923,0.3413,0.3734,0.4008,0.4187,0.4364,0.4475,0.4571,0.468,0.4753,0.5242,0.5635
20125,,0.1769,0.2872,,,,,,,,,,,
20150,,0.1711,0.2822,,,,,,,,,,,
20175,,0.1654,0.2771,,,,,,,,,,,
20200,0.003,0.1599,0.2721,0.3241,0.3581,0.3872,0.4064,0.4251,0.4369,0.4472,0.4588,0.4666,0.5178,0.5587
20225,,0.1545,0.2671,,,,,,,,,,,
20250,,0.1492,0.2622,,,,,,,,,,,
20275,,0.144,0.2572,,,,,,,,,,,
20300,0.0026,0.1392,0.2523,0.3069,0.3429,0.3736,0.3939,0.4138,0.4263,0.4371,0.4494,0.4578,0.5113,0.5539
20325,,0.1338,0.2475,,,,,,,,,,,
20350,,0.1292,0.2427,,,,,,,,,,,
20375,,0.1241,0.2379,,,,,,,,,,,
20400,0.0025,0.1198,0.2332,0.2897,0.3278,0.36,0.3814,0.4024,0.4156,0.427,0.4399,0.4487,0.5048,0.5491
20425,,0.1151,0.2284,,,,,,,,,,,
20450,,0.111,0.2238,,,,,,,,,,,
20475,,0.1068,0.2192,,,,,,,,,,,
20500,0.0022,0.1031,0.2146,0.2726,0.3126,0.3464,0.3689,0.3909,0.4048,0.4168,0.4304,0.4397,0.4985,0.5443
20525,,0.0991,0.2101,,,,,,,,,,,
20550,,0.0953,0.2055,,,,,,,,,,,
20575,,0.0917,0.201,,,,,,,,,,,
20600,0.0021,0.0881,0.1966,0.2558,0.2974,0.3329,0.3564,0.3795,0.394,0.4066,0.4208,0.4305,0.492,0.5395
20625,,0.0847,0.1921,,,,,,,,,,,
20650,,0.0814,0.1878,,,,,,,,,,,
20675,,0.0781,0.1834,,,,,,,,,,,
20700,0.0025,0.075,0.1792,0.2393,0.2822,0.3194,0.344,0.3681,0.3832,0.3964,0.4114,0.4213,0.4856,0.5347
20725,,0.0721,0.175,,,,,,,,,,,
20750,,0.0693,0.1708,,,,,,,,,,,
20775,,0.0665,0.1667,,,,,,,,,,,
20800,0.0017,0.0639,0.1627,0.2234,0.2672,0.3059,0.3316,0.3566,0.3724,0.386,0.4016,0.4123,0.479,0.5298
20825,,0.0614,0.1588,,,,,,,,,,,
20850,,0.0589,0.1549,,,,,,,,,,,
20875,,0.0564,0.1511,,,,,,,,,,,
20900,0.0017,0.0543,0.1474,0.2078,0.2525,0.2923,0.3192,0.3453,0.3617,0.3758,0.3922,0.4031,0.473,0.5249
20925,,0.052,0.1437,,,,,,,,,,,
20950,,0.0501,0.1401,,,,,,,,,,,
20975,,0.0481,0.1365,,,,,,,,,,,
21000,0.0017,0.0463,0.133,0.1926,0.238,0.2789,0.3068,0.334,0.3511,0.3657,0.3824,0.3937,0.4651,0.5201
21025,,0.0445,,,,,,,,,,,,
21050,,0.0428,,,,,,,,,,,,
21075,,0.0411,,,,,,,,,,,,
21100,0.0006,0.0395,0.1195,0.1778,0.2239,0.2657,0.2943,0.3227,0.3404,,0.3729,0.3846,0.4589,0.5153
21125,,0.0379,,,,,,,,,,,,
21150,,0.0365,,,,,,,,,,,,
21175,,0.0351,,,,,,,,,,,,
21200,0.0014,0.0338,0.1069,0.1637,0.2101,0.2526,0.282,0.3113,0.3296,0.3454,0.3635,0.3756,0.4528,0.5105
21225,,0.0326,,,,,,,,,,,,
21250,,0.0313,,,,,,,,,,,,
21275,,0.0302,,,,,,,,,,,,
21300,0.0014,0.029,0.0956,0.1505,0.1966,0.2398,0.2698,0.3,0.3189,,0.3541,0.3663,0.4464,0.5056
21325,,0.028,,,,,,,,,,,,
21350,,0.027,,,,,,,,,,,,
21375,,0.0261,,,,,,,,,,,,
21400,0.0013,0.0252,0.0853,0.1381,0.1834,0.2272,0.2578,0.2887,0.3082,0.3251,0.3446,0.3572,0.44,0.5007
21425,,0.0243,,,,,,,,,,,,
21450,,0.0235,,,,,,,,,,,,
21475,,0.0227,,,,,,,,,,,,
21500,0.0013,0.0219,0.0759,0.1262,0.1707,0.2149,0.2461,0.2774,0.2975,,0.3351,0.3484,0.4316,0.4958
21525,,0.0212,,,,,,,,,,,,
21550,,0.0205,,,,,,,,,,,,
21575,,0.0198,,,,,,,,,,,,
21600,0.0012,0.0192,0.0674,0.115,0.1587,0.2027,0.2345,0.2665,0.2868,0.3047,0.3255,0.3393,0.4254,0.4909
21625,,0.0186,,,,,,,,,,,,
21650,,0.018,,,,,,,,,,,,
21675,,0.0174,,,,,,,,,,,,
21700,0.0012,0.0169,0.0598,0.1046,,0.1908,0.2232,0.2556,0.2764,,0.3161,0.3299,0.4187,0.4859
21725,,0.0164,,,,,,,,,,,,
21750,,0.0159,,,,,,,,,,,,
21775,,0.0154,,,,,,,,,,,,
21800,0.0012,0.015,0.0532,0.0951,0.1363,0.1792,0.2118,0.2449,0.266,0.2845,0.3066,0.3211,0.4124,0.481
21825,,0.0145,,,,,,,,,,,,
21850,,0.0142,,,,,,,,,,,,
21875,,0.0138,,,,,,,,,,,,
21900,0.0011,0.0134,0.048,0.0863,,0.1683,0.2008,0.2344,0.2559,,0.2972,0.312,0.4057,0.476
21925,,0.0131,,,,,,,,,,,,
21950,,0.0127,,,,,,,,,,,,
21975,,0.0124,,,,,,,,,,,,
22000,0.0004,0.012,0.0427,0.078,0.1159,0.1578,0.19,0.2241,0.2459,0.265,0.2878,0.3029,0.3994,0.471
22025,,0.0118,,,,,,,,,,,,
22050,,0.0115,,,,,,,,,,,,
22075,,0.0113,,,,,,,,,,,,
22100,0.001,0.011,0.0382,0.0702,,0.1476,0.1796,0.2138,0.236,,0.2785,0.2939,0.3927,0.466
22125,,0.0108,,,,,,,,,,,,
22150,,0.0106,,,,,,,,,,,,
22175,,0.0103,,,,,,,,,,,,
22200,0.001,0.0101,0.0342,0.0637,0.098,0.1379,0.1695,0.2037,0.2261,0.246,0.2691,0.2851,0.386,0.461
22225,,0.0098,,,,,,,,,,,,
22250,,0.0096,,,,,,,,,,,,
22275,,0.0094,,,,,,,,,,,,
22300,0.001,0.0091,0.0306,0.0576,,0.1286,0.1598,0.1939,0.2165,,0.2605,0.2763,0.3798,0.456
22325,,0.009,,,,,,,,,,,,
22350,,0.0089,,,,,,,,,,,,
22375,,0.0086,,,,,,,,,,,,
22400,0.0009,0.0085,0.0275,0.0521,0.0825,0.1196,0.1504,0.1843,0.2069,0.2272,0.2516,0.2676,0.3731,0.451
22425,,0.0084,,,,,,,,,,,,
22450,,0.0082,,,,,,,,,,,,
22475,,0.0081,,,,,,,,,,,,
22500,0.0009,0.0079,0.0248,0.0471,0.0755,0.1112,0.1414,0.1751,0.1976,,0.2428,0.259,0.3668,0.4459
22525,,0.0078,,,,,,,,,,,,
22550,,0.0076,,,,,,,,,,,,
22575,,0.0074,,,,,,,,,,,,
22600,0.0009,0.0073,0.0224,0.0427,0.069,0.1033,0.1326,0.1661,0.1886,0.209,0.234,0.2505,0.3602,0.4409
22625,,0.0072,,,,,,,,,,,,
22650,,0.0071,,,,,,,,,,,,
22675,,0.007,,,,,,,,,,,,
22700,0.0009,0.0069,0.0202,0.0386,,0.0959,0.1243,0.1574,0.1798,,0.2254,0.2421,0.3537,0.436
22725,,0.0068,,,,,,,,,,,,
22750,,0.0067,,,,,,,,,,,,
22775,,0.0066,,,,,,,,,,,,
22800,0.0009,0.0064,0.0184,0.0352,0.0578,0.0888,0.1163,0.149,0.1714,0.1916,0.2169,0.2337,0.3473,0.4309
22825,,0.0063,,,,,,,,,,,,
22850,,0.0063,,,,,,,,,,,,
22875,,0.0062,,,,,,,,,,,,
22900,0.0008,0.0061,0.0168,0.0319,,0.0822,0.1089,0.1408,0.1631,,0.2085,0.2254,0.3403,0.4259
22925,,0.006,,,,,,,,,,,,
22950,,0.0059,,,,,,,,,,,,
22975,,0.0058,,,,,,,,,,,,
23000,0.0008,0.0057,0.0153,0.0291,0.0484,0.076,0.1018,0.1329,0.155,0.1751,0.2003,0.2173,0.3339,0.421
23025,,0.0057,,,,,,,,,,,,
23050,,0.0056,,,,,,,,,,,,
23075,,0.0055,,,,,,,,,,,,
23100,,0.0054,,,,,,0.1254,0.1472,,0.1922,0.2093,,0.4162
23125,,0.0053,,,,,,,,,,,,
23150,,0.0053,,,,,,,,,,,,
23175,,0.0053,,,,,,,,,,,,
23200,0.0008,0.0051,0.013,0.0243,0.0405,0.0649,,0.1181,0.1396,0.1595,0.184,0.2014,0.3199,0.4111
23225,,0.0051,,,,,,,,,,,,
23250,,0.005,,,,,,,,,,,,
23275,,0.005,,,,,,,,,,,,
23300,,0.0049,,,,,,0.1113,0.1323,,0.1768,0.1937,,0.4061
23325,,0.0048,,,,,,,,,,,,
23350,,0.0048,,,,,,,,,,,,
23375,,0.0047,,,,,,,,,,,,
23400,0.0008,0.0047,0.0111,0.0204,0.0342,0.0555,,0.1048,0.1252,0.1447,0.1694,0.1862,0.3063,0.4013
23425,,0.0046,,,,,,,,,,,,
23450,,0.0045,,,,,,,,,,,,
23475,,0.0045,,,,,,,,,,,,
23500,0.0008,0.0044,0.0103,,0.0315,0.0513,,0.0987,0.1185,,0.1622,0.1789,0.2992,0.3963
23525,,0.0044,,,,,,,,,,,,
23550,,0.0043,,,,,,,,,,,,
23575,,0.0043,,,,,,,,,,,,
23600,0.0007,0.0042,0.0096,0.0173,0.029,0.0475,,,0.1121,0.1309,0.1551,0.1718,0.296,0.3916
23625,,0.0042,,,,,,,,,,,,
23650,,0.0041,,,,,,,,,,,,
23675,,0.0041,,,,,,,,,,,,
23700,,0.0041,,,,,,,0.1061,,0.1482,0.1649,,0.3865
23725,,0.004,,,,,,,,,,,,
23750,,0.0039,,,,,,,,,,,,
23775,,0.0039,,,,,,,,,,,,
23800,0.0007,0.0039,0.0083,0.0148,0.0247,0.0407,,,0.1003,0.1181,0.1415,0.158,0.2825,0.3821
23825,,0.0038,,,,,,,,,,,,
23850,,0.0038,,,,,,,,,,,,
23875,,0.0038,,,,,,,,,,,,
23900,,0.0037,,,,,,,0.0947,,0.135,0.1514,,0.3766
23925,,0.0036,,,,,,,,,,,,
23950,,0.0036,,,,,,,,,,,,
23975,,0.0036,,,,,,,,,,,,
24000,0.0007,0.0035,0.0074,0.0128,0.0212,0.0349,,,0.0894,0.1064,0.1288,0.1449,0.2704,0.3722
24025,,0.0035,,,,,,,,,,,,
24050,,0.0035,,,,,,,,,,,,
24075,,0.0034,,,,,,,,,,,,
24100,,0.0034,,,,,,,,,0.1228,0.1386,,0.3668
24125,,0.0034,,,,,,,,,,,,
24150,,0.0033,,,,,,,,,,,,
24175,,0.0033,,,,,,,,,,,,
24200,0.0007,0.0033,0.0066,0.0112,0.0183,0.0302,,,0.0795,0.0957,0.117,0.1326,0.2585,0.3618
24225,,0.0033,,,,,,,,,,,,
24250,,0.0032,,,,,,,,,,,,
24275,,0.0032,,,,,,,,,,,,
24300,,0.0031,,,,,,,,,0.1115,0.1269,,0.357
24325,,0.0031,,,,,,,,,,,,
24350,,0.0031,,,,,,,,,,,,
24375,,0.0031,,,,,,,,,,,,
24400,0.0007,0.0031,0.0059,0.0099,0.0159,0.0262,,,0.0708,0.086,0.1062,0.121,0.2463,0.3521
24425,,0.003,,,,,,,,,,,,
24450,,0.003,,,,,,,,,,,,
24475,,0.003,,,,,,,,,,,,
24500,0.0007,0.0029,0.0055,,0.015,0.0244,,,0.0668,,0.1011,0.1157,0.2405,0.3474
24525,,0.0029,,,,,,,,,,,,
24550,,0.0028,,,,,,,,,,,,
24575,,0.0028,,,,,,,,,,,,
24600,0.0006,0.0028,0.0052,0.0087,0.014,0.0228,,,0.063,0.0771,0.0962,0.1105,0.235,
24625,,0.0028,,,,,,,,,,,,
24650,,0.0028,,,,,,,,,,,,
24675,,0.0027,,,,,,,,,,,,
24700,,0.0027,,,,,,,,,0.0914,0.1055,,
24725,,0.0027,,,,,,,,,,,,
24750,,0.0027,,,,,,,,,,,,
24775,,0.0027,,,,,,,,,,,,
24800,0.0006,0.0026,0.0048,0.0078,0.0123,0.02,,,0.0562,0.0692,0.0869,0.1007,0.2236,
24825,,0.0026,,,,,,,,,,,,
24850,,0.0026,,,,,,,,,,,,
24875,,0.0026,,,,,,,,,,,,
24900,,0.0025,,,,,,,,,0.0826,0.0961,,
24925,,0.0025,,,,,,,,,,,,
24950,,0.0025,,,,,,,,,,,,
24975,,0.0025,,,,,,,,,,,,
25000,0.0006,0.0025,0.0044,0.007,0.0109,0.0176,,,0.0502,0.0622,0.0785,0.0916,0.2124,0.323
25025,,0.0024,,,,,,,,,,,,
25050,,0.0024,,,,,,,,,,,,
25075,,0.0024,,,,,,,,,,,,
25100,,0.0024,,,,,,,,,0.0747,0.0874,,
25125,,0.0024,,,,,,,,,,,,
25150,,0.0023,,,,,,,,,,,,
25175,,0.0023,,,,,,,,,,,,
25200,,0.0023,,,,,,,,,0.071,0.0833,,
25225,,0.0023,,,,,,,,,,,,
25250,,0.0023,,,,,,,,,,,,
25275,,0.0023,,,,,,,,,,,,
25300,,0.0022,,,,,,,,,0.0675,0.0794,,
25325,,0.0022,,,,,,,,,,,,
25350,,0.0022,,,,,,,,,,,,
25375,,0.0022,,,,,,,,,,,,
25400,,0.0022,,,,,,,,,0.0643,0.0757,,
25425,,0.0022,,,,,,,,,,,,
25450,,0.0022,,,,,,,,,,,,
25475,,0.0021,,,,,,,,,,,,
25500,0.0006,0.0021,0.0036,0.0055,0.0083,0.0131,,,0.0383,0.0479,0.0612,0.0722,0.1866,0.3
25525,,0.0021,,,,,,,,,,,,
25550,,0.0021,,,,,,,,,,,,
25575,,0.0021,,,,,,,,,,,,
25600,,0.0021,,,,,,,,,0.0582,0.0689,,
25625,,0.0021,,,,,,,,,,,,
25650,,0.002,,,,,,,,,,,,
25675,,0.002,,,,,,,,,,,,
25700,,0.002,,,,,,,,,0.0554,0.0657,,
25725,,0.002,,,,,,,,,,,,
25750,,0.002,,,,,,,,,,,,
25775,,0.002,,,,,,,,,,,,
25800,,0.002,,,,,,,,,0.0528,0.0627,,
25825,,0.002,,,,,,,,,,,,
25850,,0.0019,,,,,,,,,,,,
25875,,0.0019,,,,,,,,,,,,
25900,,0.0019,,,,,,,,,0.0503,0.0599,,
25925,,0.0019,,,,,,,,,,,,
25950,,0.0019,,,,,,,,,,,,
25975,,0.0018,,,,,,,,,,,,
26000,0.0006,0.0018,0.0029,0.0045,0.0065,0.0101,,,0.0299,0.0376,0.0479,0.0571,0.1627,0.2779
26025,,0.0018,,,,,,,,,,,,
26050,,0.0018,,,,,,,,,,,,
26075,,0.0018,,,,,,,,,,,,
26100,,0.0018,,,,,,,,,,,,
26125,,0.0018,,,,,,,,,,,,
26150,,0.0017,,,,,,,,,,,,
26175,,0.0017,,,,,,,,,,,,
26200,,0.0017,,,,,,,,,,,,
26225,,0.0017,,,,,,,,,,,,
26250,,0.0017,,,,,,,,,,,,
26275,,0.0017,,,,,,,,,,,,
26300,,0.0017,,,,,,,,,,,,
26325,,0.0017,,,,,,,,,,,,
26350,,0.0017,,,,,,,,,,,,
26375,,0.0017,,,,,,,,,,,,
26400,,0.0016,,,,,,,,,,,,
26425,,0.0016,,,,,,,,,,,,
26450,,0.0016,,,,,,,,,,,,
26475,,0.0016,,,,,,,,,,,,
26500,0.0005,0.0016,0.0024,0.0038,0.0053,0.008,,,0.0239,0.0301,,,0.141,
26525,,0.0016,,,,,,,,,,,,
26550,,0.0016,,,,,,,,,,,,
26575,,0.0016,,,,,,,,,,,,
26600,,0.0016,,,,,,,,,,,,
26625,,0.0016,,,,,,,,,,,,
26650,,0.0016,,,,,,,,,,,,
26675,,0.0016,,,,,,,,,,,,
26700,,0.0016,,,,,,,,,,,,
26725,,0.0015,,,,,,,,,,,,
26750,,0.0015,,,,,,,,,,,,
26775,,0.0015,,,,,,,,,,,,
26800,,0.0015,,,,,,,,,,,,
27000,0.0,0.0015,0.0021,0.0031,0.0044,0.0065,,,0.0194,0.0245,,,0.1218,
27500,0.0,0.0013,0.0018,0.0027,0.0038,0.0054,,,0.016,0.0203,,,0.1063,
28000,0.0,0.0012,0.0017,0.0024,0.0032,0.0045,,,0.0133,0.0171,,,0.0897,
28500,0.0,0.0012,0.0016,0.002,0.0028,0.0039,,,0.0113,0.0145,,,0.077,
29000,0.0,0.0011,0.0015,0.0019,0.0024,0.0034,,,0.0096,0.0124,,,0.0664,
29500,0.0,0.001,0.0014,0.0017,0.0021,0.003,,,0.0083,0.0107,,,0.0579,
30000,0.0,0.001,0.0013,0.0016,0.0019,0.0025,,,0.0073,0.0093,,,0.051,
